"","x"
"1","All Get Out-All Get Out-01 Coach Connor.json"
"2","All Get Out-All Get Out-02 Come My Way.json"
"3","All Get Out-All Get Out-03 Water And God.json"
"4","All Get Out-All Get Out-04 Like A Child.json"
"5","All Get Out-All Get Out-05 The E.C..json"
"6","All Get Out-All Get Out-06 Wasting All My Breath.json"
"7","All Get Out-All Get Out-07 Three More, I Guess.json"
"8","All Get Out-Movement-All My Friends Are Dead.json"
"9","All Get Out-Movement-Balance.json"
"10","All Get Out-Movement-Movement.json"
"11","All Get Out-Movement-Orchestra.json"
"12","All Get Out-Movement-Sans.json"
"13","All Get Out-No Bouquet-Archives.json"
"14","All Get Out-No Bouquet-First Contact.json"
"15","All Get Out-No Bouquet-God Damn.json"
"16","All Get Out-No Bouquet-However Long.json"
"17","All Get Out-No Bouquet-Namesake.json"
"18","All Get Out-No Bouquet-Rose.json"
"19","All Get Out-No Bouquet-Self Repair.json"
"20","All Get Out-No Bouquet-Survive.json"
"21","All Get Out-No Bouquet-Trip.json"
"22","All Get Out-No Bouquet-Value.json"
"23","All Get Out-Nobody Likes A Quitter-ATX.json"
"24","All Get Out-Nobody Likes A Quitter-Chasing Skirt.json"
"25","All Get Out-Nobody Likes A Quitter-Empty Nest.json"
"26","All Get Out-Nobody Likes A Quitter-Get My Cut.json"
"27","All Get Out-Nobody Likes A Quitter-Home.json"
"28","All Get Out-Nobody Likes A Quitter-Now You Got It.json"
"29","All Get Out-Nobody Likes A Quitter-Room To Talk.json"
"30","All Get Out-Nobody Likes A Quitter-Sideways.json"
"31","All Get Out-Nobody Likes A Quitter-Wait List.json"
"32","All Get Out-Nobody Likes A Quitter-Whatever.json"
"33","All Get Out-The Season-Church Doors and Skeptics.json"
"34","All Get Out-The Season-Come and Gone.json"
"35","All Get Out-The Season-Girl, Gun.json"
"36","All Get Out-The Season-Let Me Go.json"
"37","All Get Out-The Season-Lucky Bastard.json"
"38","All Get Out-The Season-Me and My Lovers.json"
"39","All Get Out-The Season-My Friends.json"
"40","All Get Out-The Season-Son of Mine.json"
"41","All Get Out-The Season-Subject to Change.json"
"42","All Get Out-The Season-The Season.json"
"43","Manchester Orchestra-A Black Mile To The Surface-Lead, SD.json"
"44","Manchester Orchestra-A Black Mile To The Surface-The Alien.json"
"45","Manchester Orchestra-A Black Mile To The Surface-The Gold.json"
"46","Manchester Orchestra-A Black Mile To The Surface-The Grocery.json"
"47","Manchester Orchestra-A Black Mile To The Surface-The Maze.json"
"48","Manchester Orchestra-A Black Mile To The Surface-The Mistake.json"
"49","Manchester Orchestra-A Black Mile To The Surface-The Moth.json"
"50","Manchester Orchestra-A Black Mile To The Surface-The Parts.json"
"51","Manchester Orchestra-A Black Mile To The Surface-The Silence.json"
"52","Manchester Orchestra-A Black Mile To The Surface-The Sunshine.json"
"53","Manchester Orchestra-A Black Mile To The Surface-The Wolf.json"
"54","Manchester Orchestra-Cope (Deluxe Version)-After The Scripture.json"
"55","Manchester Orchestra-Cope (Deluxe Version)-All That I Really Wanted.json"
"56","Manchester Orchestra-Cope (Deluxe Version)-Choose You.json"
"57","Manchester Orchestra-Cope (Deluxe Version)-Cope.json"
"58","Manchester Orchestra-Cope (Deluxe Version)-Every Stone.json"
"59","Manchester Orchestra-Cope (Deluxe Version)-Girl Harbor.json"
"60","Manchester Orchestra-Cope (Deluxe Version)-Indentions.json"
"61","Manchester Orchestra-Cope (Deluxe Version)-Never Really Been Another Way Out.json"
"62","Manchester Orchestra-Cope (Deluxe Version)-See It Again.json"
"63","Manchester Orchestra-Cope (Deluxe Version)-The Mansion.json"
"64","Manchester Orchestra-Cope (Deluxe Version)-The Ocean.json"
"65","Manchester Orchestra-Cope (Deluxe Version)-Top Notch.json"
"66","Manchester Orchestra-Cope (Deluxe Version)-Trees.json"
"67","Manchester Orchestra-Fourteen Years Of Excellence-Anne Louise.json"
"68","Manchester Orchestra-Fourteen Years Of Excellence-Do You Really Like Being Alone.json"
"69","Manchester Orchestra-Fourteen Years Of Excellence-It's Okay With Me.json"
"70","Manchester Orchestra-Fourteen Years Of Excellence-Shake It Out (Alternate Version).json"
"71","Manchester Orchestra-HOPE-All That I Really Wanted.json"
"72","Manchester Orchestra-HOPE-Choose You.json"
"73","Manchester Orchestra-HOPE-Cope.json"
"74","Manchester Orchestra-HOPE-Every Stone.json"
"75","Manchester Orchestra-HOPE-Girl Harbor.json"
"76","Manchester Orchestra-HOPE-Indentions.json"
"77","Manchester Orchestra-HOPE-See It Again.json"
"78","Manchester Orchestra-HOPE-The Mansion.json"
"79","Manchester Orchestra-HOPE-The Ocean.json"
"80","Manchester Orchestra-HOPE-Top Notch.json"
"81","Manchester Orchestra-HOPE-Trees.json"
"82","Manchester Orchestra-I'm Like a Virgin Losing a Child-Alice and Interiors.json"
"83","Manchester Orchestra-I'm Like a Virgin Losing a Child-Colly Strings.json"
"84","Manchester Orchestra-I'm Like a Virgin Losing a Child-Don't Let Them See You Cry.json"
"85","Manchester Orchestra-I'm Like a Virgin Losing a Child-Golden Ticket.json"
"86","Manchester Orchestra-I'm Like a Virgin Losing a Child-I Can Barely Breathe.json"
"87","Manchester Orchestra-I'm Like a Virgin Losing a Child-I Can Fell Your Pain.json"
"88","Manchester Orchestra-I'm Like a Virgin Losing a Child-Now That You're Home.json"
"89","Manchester Orchestra-I'm Like a Virgin Losing a Child-Sleeper 1972.json"
"90","Manchester Orchestra-I'm Like a Virgin Losing a Child-The Neighborhood Is Bleeding.json"
"91","Manchester Orchestra-I'm Like a Virgin Losing a Child-Where Have You Been.json"
"92","Manchester Orchestra-I'm Like a Virgin Losing a Child-Wolves at Night.json"
"93","Manchester Orchestra-Mean Everything To Nothing-100 Dollars (Album Version).json"
"94","Manchester Orchestra-Mean Everything To Nothing-Everything To Nothing (Album Version).json"
"95","Manchester Orchestra-Mean Everything To Nothing-I Can Feel a Hot One (Album Version).json"
"96","Manchester Orchestra-Mean Everything To Nothing-I've Got Friends (Album Version).json"
"97","Manchester Orchestra-Mean Everything To Nothing-In My Teeth (Album Version).json"
"98","Manchester Orchestra-Mean Everything To Nothing-Jimmy, He Whispers (Album Version).json"
"99","Manchester Orchestra-Mean Everything To Nothing-My Friend Marcus (Album Version).json"
"100","Manchester Orchestra-Mean Everything To Nothing-Pride (Album Version).json"
"101","Manchester Orchestra-Mean Everything To Nothing-Shake It Out (Album Version).json"
"102","Manchester Orchestra-Mean Everything To Nothing-The Only One (Album Version).json"
"103","Manchester Orchestra-Mean Everything To Nothing-The River (Album Version).json"
"104","Manchester Orchestra-Mean Everything To Nothing-Tony The Tiger (Album Version).json"
"105","Manchester Orchestra-Simple Math-Apprehension.json"
"106","Manchester Orchestra-Simple Math-April Fool.json"
"107","Manchester Orchestra-Simple Math-Deer.json"
"108","Manchester Orchestra-Simple Math-Leaky Breaks.json"
"109","Manchester Orchestra-Simple Math-Leave It Alone.json"
"110","Manchester Orchestra-Simple Math-Mighty.json"
"111","Manchester Orchestra-Simple Math-Pale Black Eye.json"
"112","Manchester Orchestra-Simple Math-Pensacola.json"
"113","Manchester Orchestra-Simple Math-Simple Math.json"
"114","Manchester Orchestra-Simple Math-Virgin.json"
"115","Manchester Orchestra-You Brainstorm, I Brainstorm, but Brilliance Needs-Alice and Interiors [Explicit].json"
"116","Manchester Orchestra-You Brainstorm, I Brainstorm, but Brilliance Needs-I'd Rather Have.json"
"117","Manchester Orchestra-You Brainstorm, I Brainstorm, but Brilliance Needs-Play It Again, Sam! You Don't Have Any Feathers [Explicit].json"
"118","Manchester Orchestra-You Brainstorm, I Brainstorm, but Brilliance Needs-Slow To Learn.json"
"119","Manchester Orchestra-You Brainstorm, I Brainstorm, but Brilliance Needs-The Procession.json"
"120","The Front Bottoms-Ann-I Think Your Nose Is Bleeding.json"
"121","The Front Bottoms-Ann-Lonely Eyes.json"
"122","The Front Bottoms-Ann-Pale Beneath the Tan (Squeeze).json"
"123","The Front Bottoms-Ann-Somebody Else.json"
"124","The Front Bottoms-Ann-Tie Dye Dragon.json"
"125","The Front Bottoms-Ann-Today Is Not Real.json"
"126","The Front Bottoms-Back on Top-2YL.json"
"127","The Front Bottoms-Back on Top-Cough It Out.json"
"128","The Front Bottoms-Back on Top-Ginger.json"
"129","The Front Bottoms-Back on Top-HELP.json"
"130","The Front Bottoms-Back on Top-Historic Cemetery.json"
"131","The Front Bottoms-Back on Top-Laugh Till I Cry.json"
"132","The Front Bottoms-Back on Top-Motorcycle.json"
"133","The Front Bottoms-Back on Top-Plastic Flowers.json"
"134","The Front Bottoms-Back on Top-Summer Shandy.json"
"135","The Front Bottoms-Back on Top-The Plan (Fuck Jobs).json"
"136","The Front Bottoms-Back on Top-West Virginia.json"
"137","The Front Bottoms-End of summer (now I know)-End of summer (now I know).json"
"138","The Front Bottoms-Going Grey-Bae.json"
"139","The Front Bottoms-Going Grey-Don't Fill up on Chips.json"
"140","The Front Bottoms-Going Grey-Everyone but You.json"
"141","The Front Bottoms-Going Grey-Far Drive.json"
"142","The Front Bottoms-Going Grey-Grand Finale.json"
"143","The Front Bottoms-Going Grey-Ocean.json"
"144","The Front Bottoms-Going Grey-Peace Sign.json"
"145","The Front Bottoms-Going Grey-Raining.json"
"146","The Front Bottoms-Going Grey-Trampoline.json"
"147","The Front Bottoms-Going Grey-Vacation Town.json"
"148","The Front Bottoms-Going Grey-You Used to Say (Holy Fuck).json"
"149","The Front Bottoms-Needy When I'm Needy-Joanie.json"
"150","The Front Bottoms-Needy When I'm Needy-Tighten Up.json"
"151","The Front Bottoms-Rose-12 Feet Deep.json"
"152","The Front Bottoms-Rose-Awkward Conversations.json"
"153","The Front Bottoms-Rose-Be Nice To Me.json"
"154","The Front Bottoms-Rose-Flying Model Rockets.json"
"155","The Front Bottoms-Rose-Jim Bogart.json"
"156","The Front Bottoms-Rose-Lipstick Covered Magnet.json"
"157","The Front Bottoms-Talon Of The Hawk-Au Revoir (Adios).json"
"158","The Front Bottoms-Talon Of The Hawk-Backflip.json"
"159","The Front Bottoms-Talon Of The Hawk-Everything I Own.json"
"160","The Front Bottoms-Talon Of The Hawk-Funny You Should Ask.json"
"161","The Front Bottoms-Talon Of The Hawk-Lone Star.json"
"162","The Front Bottoms-Talon Of The Hawk-Peach.json"
"163","The Front Bottoms-Talon Of The Hawk-Santa Monica.json"
"164","The Front Bottoms-Talon Of The Hawk-Skeleton.json"
"165","The Front Bottoms-Talon Of The Hawk-Swear To God The Devil Made Me Do It.json"
"166","The Front Bottoms-Talon Of The Hawk-Tattooed Tears.json"
"167","The Front Bottoms-Talon Of The Hawk-The Feud.json"
"168","The Front Bottoms-Talon Of The Hawk-Twin Size Mattress.json"
"169","The Front Bottoms-The Front Bottoms-Bathtub.json"
"170","The Front Bottoms-The Front Bottoms-Father.json"
"171","The Front Bottoms-The Front Bottoms-Flashlight.json"
"172","The Front Bottoms-The Front Bottoms-Hooped Earings.json"
"173","The Front Bottoms-The Front Bottoms-Legit Tattoo Gun.json"
"174","The Front Bottoms-The Front Bottoms-Looking Like You Just Woke Up.json"
"175","The Front Bottoms-The Front Bottoms-Maps.json"
"176","The Front Bottoms-The Front Bottoms-Mountain.json"
"177","The Front Bottoms-The Front Bottoms-Rhode Island.json"
"178","The Front Bottoms-The Front Bottoms-Swimming Pool.json"
"179","The Front Bottoms-The Front Bottoms-The Beers.json"
"180","The Front Bottoms-The Front Bottoms-The Boredom Is The Reason I Started Swimming. It's Also The Reason I Started Sinking.json"
